App,TestClass,TestFilePath,ProductionFilePath,RelativeTestFilePath,RelativeProductionFilePath,NumberOfMethods,Assertion Roulette,Conditional Test Logic,Constructor Initialization,Default Test,EmptyTest,Exception Catching Throwing,General Fixture,Mystery Guest,Print Statement,Redundant Assertion,Sensitive Equality,Verbose Test,Sleepy Test,Eager Test,Lazy Test,Duplicate Assert,Unknown Test,IgnoredTest,Resource Optimism,Magic Number Test,Dependent Test
DirEntry,DirEntry_ESTest.java,C:/Users/maxim/OneDrive/Escritorio/Code/AuxTestRepo/arquivos/G01/101_netweaver/evosuite-tests/com/sap/managementconsole/soap/axis/sapcontrol\DirEntry_ESTest.java,C:/Users/maxim/OneDrive/Escritorio/Code/AuxTestRepo/arquivos/G01/101_netweaver/evosuite-tests/com/sap/managementconsole/soap/axis/sapcontrol\DirEntry.java,ESTest.java,java,26,12,0,0,0,0,26,0,0,0,0,0,0,0,17,51,0,0,0,0,26,0
HtmlViewerPanel,HtmlViewerPanel_ESTest.java,C:/Users/maxim/OneDrive/Escritorio/Code/AuxTestRepo/arquivos/G01/102_squirrel-sql/evosuite-tests/net/sourceforge/squirrel_sql/client/gui\HtmlViewerPanel_ESTest.java,C:/Users/maxim/OneDrive/Escritorio/Code/AuxTestRepo/arquivos/G01/102_squirrel-sql/evosuite-tests/net/sourceforge/squirrel_sql/client/gui\HtmlViewerPanel.java,ESTest.java,java,23,0,0,0,0,0,23,0,0,0,0,0,0,0,13,45,0,0,0,0,23,0
DriverInternalFrame,DriverInternalFrame_ESTest.java,C:/Users/maxim/OneDrive/Escritorio/Code/AuxTestRepo/arquivos/G01/102_squirrel-sql/evosuite-tests/net/sourceforge/squirrel_sql/client/gui/db\DriverInternalFrame_ESTest.java,C:/Users/maxim/OneDrive/Escritorio/Code/AuxTestRepo/arquivos/G01/102_squirrel-sql/evosuite-tests/net/sourceforge/squirrel_sql/client/gui/db\DriverInternalFrame.java,ESTest.java,java,11,6,0,0,0,0,11,0,0,0,0,0,0,0,0,0,0,0,0,0,11,0
ToggleTreeViewAction,ToggleTreeViewAction_ESTest.java,C:/Users/maxim/OneDrive/Escritorio/Code/AuxTestRepo/arquivos/G01/102_squirrel-sql/evosuite-tests/net/sourceforge/squirrel_sql/client/mainframe/action\ToggleTreeViewAction_ESTest.java,C:/Users/maxim/OneDrive/Escritorio/Code/AuxTestRepo/arquivos/G01/102_squirrel-sql/evosuite-tests/net/sourceforge/squirrel_sql/client/mainframe/action\ToggleTreeViewAction.java,ESTest.java,java,4,0,0,0,0,0,4,0,0,0,0,0,0,0,0,0,0,0,0,0,4,0
ObjectTreeCellRenderer,ObjectTreeCellRenderer_ESTest.java,C:/Users/maxim/OneDrive/Escritorio/Code/AuxTestRepo/arquivos/G01/102_squirrel-sql/evosuite-tests/net/sourceforge/squirrel_sql/client/session/mainpanel/objecttree\ObjectTreeCellRenderer_ESTest.java,C:/Users/maxim/OneDrive/Escritorio/Code/AuxTestRepo/arquivos/G01/102_squirrel-sql/evosuite-tests/net/sourceforge/squirrel_sql/client/session/mainpanel/objecttree\ObjectTreeCellRenderer.java,ESTest.java,java,4,0,0,0,0,0,4,0,0,0,0,0,0,0,0,0,0,0,0,0,4,0
Parser,Parser_ESTest.java,C:/Users/maxim/OneDrive/Escritorio/Code/AuxTestRepo/arquivos/G01/102_squirrel-sql/evosuite-tests/net/sourceforge/squirrel_sql/client/session/parser/kernel\Parser_ESTest.java,C:/Users/maxim/OneDrive/Escritorio/Code/AuxTestRepo/arquivos/G01/102_squirrel-sql/evosuite-tests/net/sourceforge/squirrel_sql/client/session/parser/kernel\Parser.java,ESTest.java,java,36,1,0,0,0,0,36,0,0,0,0,0,0,0,10,44,0,0,0,0,36,0
PreLaunchHelperImpl,PreLaunchHelperImpl_ESTest.java,C:/Users/maxim/OneDrive/Escritorio/Code/AuxTestRepo/arquivos/G01/102_squirrel-sql/evosuite-tests/net/sourceforge/squirrel_sql/client/update/gui/installer\PreLaunchHelperImpl_ESTest.java,C:/Users/maxim/OneDrive/Escritorio/Code/AuxTestRepo/arquivos/G01/102_squirrel-sql/evosuite-tests/net/sourceforge/squirrel_sql/client/update/gui/installer\PreLaunchHelperImpl.java,ESTest.java,java,23,0,0,0,0,0,23,0,0,0,0,0,0,0,13,39,0,0,0,0,23,0
PhotoController,PhotoController_ESTest.java,C:/Users/maxim/OneDrive/Escritorio/Code/AuxTestRepo/arquivos/G01/103_sweethome3d/evosuite-tests/com/eteks/sweethome3d/viewcontroller\PhotoController_ESTest.java,C:/Users/maxim/OneDrive/Escritorio/Code/AuxTestRepo/arquivos/G01/103_sweethome3d/evosuite-tests/com/eteks/sweethome3d/viewcontroller\PhotoController.java,ESTest.java,java,42,22,0,0,0,0,42,0,0,0,0,0,0,0,38,165,0,0,0,0,42,0
RoomController,RoomController_ESTest.java,C:/Users/maxim/OneDrive/Escritorio/Code/AuxTestRepo/arquivos/G01/103_sweethome3d/evosuite-tests/com/eteks/sweethome3d/viewcontroller\RoomController_ESTest.java,C:/Users/maxim/OneDrive/Escritorio/Code/AuxTestRepo/arquivos/G01/103_sweethome3d/evosuite-tests/com/eteks/sweethome3d/viewcontroller\RoomController.java,ESTest.java,java,1,0,0,0,0,0,1,0,0,0,0,0,0,0,0,0,0,0,0,0,1,0
DHTRouterNodeImpl,DHTRouterNodeImpl_ESTest.java,C:/Users/maxim/OneDrive/Escritorio/Code/AuxTestRepo/arquivos/G01/104_vuze/evosuite-tests/com/aelitis/azureus/core/dht/router/impl\DHTRouterNodeImpl_ESTest.java,C:/Users/maxim/OneDrive/Escritorio/Code/AuxTestRepo/arquivos/G01/104_vuze/evosuite-tests/com/aelitis/azureus/core/dht/router/impl\DHTRouterNodeImpl.java,ESTest.java,java,64,7,0,0,0,0,64,0,0,0,0,0,0,0,38,121,0,0,0,0,64,0
AZOtherInstanceImpl,AZOtherInstanceImpl_ESTest.java,C:/Users/maxim/OneDrive/Escritorio/Code/AuxTestRepo/arquivos/G01/104_vuze/evosuite-tests/com/aelitis/azureus/core/instancemanager/impl\AZOtherInstanceImpl_ESTest.java,C:/Users/maxim/OneDrive/Escritorio/Code/AuxTestRepo/arquivos/G01/104_vuze/evosuite-tests/com/aelitis/azureus/core/instancemanager/impl\AZOtherInstanceImpl.java,ESTest.java,java,46,42,0,0,0,0,46,0,0,0,0,0,0,0,43,189,0,0,0,0,46,0
ExternalLoginWindow,ExternalLoginWindow_ESTest.java,C:/Users/maxim/OneDrive/Escritorio/Code/AuxTestRepo/arquivos/G01/104_vuze/evosuite-tests/com/aelitis/azureus/core/metasearch/impl\ExternalLoginWindow_ESTest.java,C:/Users/maxim/OneDrive/Escritorio/Code/AuxTestRepo/arquivos/G01/104_vuze/evosuite-tests/com/aelitis/azureus/core/metasearch/impl\ExternalLoginWindow.java,ESTest.java,java,2,0,0,0,0,0,2,0,0,0,0,0,0,0,0,0,0,0,0,0,2,0
NATTraverser,NATTraverser_ESTest.java,C:/Users/maxim/OneDrive/Escritorio/Code/AuxTestRepo/arquivos/G01/104_vuze/evosuite-tests/com/aelitis/azureus/core/nat\NATTraverser_ESTest.java,C:/Users/maxim/OneDrive/Escritorio/Code/AuxTestRepo/arquivos/G01/104_vuze/evosuite-tests/com/aelitis/azureus/core/nat\NATTraverser.java,ESTest.java,java,9,0,0,0,0,0,9,0,0,0,0,0,0,0,0,2,0,0,0,0,9,0
AZMessageDecoder,AZMessageDecoder_ESTest.java,C:/Users/maxim/OneDrive/Escritorio/Code/AuxTestRepo/arquivos/G01/104_vuze/evosuite-tests/com/aelitis/azureus/core/peermanager/messaging/azureus\AZMessageDecoder_ESTest.java,C:/Users/maxim/OneDrive/Escritorio/Code/AuxTestRepo/arquivos/G01/104_vuze/evosuite-tests/com/aelitis/azureus/core/peermanager/messaging/azureus\AZMessageDecoder.java,ESTest.java,java,26,16,0,0,0,0,26,0,0,0,0,0,0,0,17,63,0,0,0,0,26,0
CertificationRequestInfo,CertificationRequestInfo_ESTest.java,C:/Users/maxim/OneDrive/Escritorio/Code/AuxTestRepo/arquivos/G01/104_vuze/evosuite-tests/org/bouncycastle/asn1/pkcs\CertificationRequestInfo_ESTest.java,C:/Users/maxim/OneDrive/Escritorio/Code/AuxTestRepo/arquivos/G01/104_vuze/evosuite-tests/org/bouncycastle/asn1/pkcs\CertificationRequestInfo.java,ESTest.java,java,20,0,0,0,0,0,20,0,0,0,0,0,0,0,1,12,0,0,0,0,20,0
ElGamalKeyParameters,ElGamalKeyParameters_ESTest.java,C:/Users/maxim/OneDrive/Escritorio/Code/AuxTestRepo/arquivos/G01/104_vuze/evosuite-tests/org/bouncycastle/crypto/params\ElGamalKeyParameters_ESTest.java,C:/Users/maxim/OneDrive/Escritorio/Code/AuxTestRepo/arquivos/G01/104_vuze/evosuite-tests/org/bouncycastle/crypto/params\ElGamalKeyParameters.java,ESTest.java,java,7,0,0,0,0,0,7,0,0,0,0,0,0,0,0,7,0,0,0,0,7,0
ClientIDManagerImpl,ClientIDManagerImpl_ESTest.java,C:/Users/maxim/OneDrive/Escritorio/Code/AuxTestRepo/arquivos/G01/104_vuze/evosuite-tests/org/gudy/azureus2/pluginsimpl/local/clientid\ClientIDManagerImpl_ESTest.java,C:/Users/maxim/OneDrive/Escritorio/Code/AuxTestRepo/arquivos/G01/104_vuze/evosuite-tests/org/gudy/azureus2/pluginsimpl/local/clientid\ClientIDManagerImpl.java,ESTest.java,java,9,0,0,0,0,0,9,0,0,0,0,0,0,0,7,9,0,0,0,0,9,0
Show,Show_ESTest.java,C:/Users/maxim/OneDrive/Escritorio/Code/AuxTestRepo/arquivos/G01/104_vuze/evosuite-tests/org/gudy/azureus2/ui/console/commands\Show_ESTest.java,C:/Users/maxim/OneDrive/Escritorio/Code/AuxTestRepo/arquivos/G01/104_vuze/evosuite-tests/org/gudy/azureus2/ui/console/commands\Show.java,ESTest.java,java,23,0,0,0,0,0,23,0,1,0,0,0,0,0,0,19,0,0,0,1,23,0
XML,XML_ESTest.java,C:/Users/maxim/OneDrive/Escritorio/Code/AuxTestRepo/arquivos/G01/104_vuze/evosuite-tests/org/gudy/azureus2/ui/console/commands\XML_ESTest.java,C:/Users/maxim/OneDrive/Escritorio/Code/AuxTestRepo/arquivos/G01/104_vuze/evosuite-tests/org/gudy/azureus2/ui/console/commands\XML.java,ESTest.java,java,6,0,0,0,0,0,6,0,0,0,0,0,0,0,0,5,0,0,0,0,6,0
MainMenu,MainMenu_ESTest.java,C:/Users/maxim/OneDrive/Escritorio/Code/AuxTestRepo/arquivos/G01/104_vuze/evosuite-tests/org/gudy/azureus2/ui/swt/mainwindow\MainMenu_ESTest.java,C:/Users/maxim/OneDrive/Escritorio/Code/AuxTestRepo/arquivos/G01/104_vuze/evosuite-tests/org/gudy/azureus2/ui/swt/mainwindow\MainMenu.java,ESTest.java,java,1,0,0,0,0,0,1,0,0,0,0,0,0,0,0,0,0,0,0,0,1,0
TorrentOptionsView,TorrentOptionsView_ESTest.java,C:/Users/maxim/OneDrive/Escritorio/Code/AuxTestRepo/arquivos/G01/104_vuze/evosuite-tests/org/gudy/azureus2/ui/swt/views\TorrentOptionsView_ESTest.java,C:/Users/maxim/OneDrive/Escritorio/Code/AuxTestRepo/arquivos/G01/104_vuze/evosuite-tests/org/gudy/azureus2/ui/swt/views\TorrentOptionsView.java,ESTest.java,java,23,0,0,0,0,0,23,0,0,0,0,0,0,0,0,20,0,0,0,0,23,0
FileHashItemBase,FileHashItemBase_ESTest.java,C:/Users/maxim/OneDrive/Escritorio/Code/AuxTestRepo/arquivos/G01/104_vuze/evosuite-tests/org/gudy/azureus2/ui/swt/views/tableitems/files\FileHashItemBase_ESTest.java,C:/Users/maxim/OneDrive/Escritorio/Code/AuxTestRepo/arquivos/G01/104_vuze/evosuite-tests/org/gudy/azureus2/ui/swt/views/tableitems/files\FileHashItemBase.java,ESTest.java,java,1,0,0,0,0,1,0,0,0,0,0,0,0,0,0,0,0,1,0,0,1,0
AnnounceCountItem,AnnounceCountItem_ESTest.java,C:/Users/maxim/OneDrive/Escritorio/Code/AuxTestRepo/arquivos/G01/104_vuze/evosuite-tests/org/gudy/azureus2/ui/swt/views/tableitems/mytracker\AnnounceCountItem_ESTest.java,C:/Users/maxim/OneDrive/Escritorio/Code/AuxTestRepo/arquivos/G01/104_vuze/evosuite-tests/org/gudy/azureus2/ui/swt/views/tableitems/mytracker\AnnounceCountItem.java,ESTest.java,java,4,2,0,0,0,0,4,0,0,0,0,0,0,0,2,7,0,0,0,0,4,0
PeersItem,PeersItem_ESTest.java,C:/Users/maxim/OneDrive/Escritorio/Code/AuxTestRepo/arquivos/G01/104_vuze/evosuite-tests/org/gudy/azureus2/ui/swt/views/tableitems/tracker\PeersItem_ESTest.java,C:/Users/maxim/OneDrive/Escritorio/Code/AuxTestRepo/arquivos/G01/104_vuze/evosuite-tests/org/gudy/azureus2/ui/swt/views/tableitems/tracker\PeersItem.java,ESTest.java,java,6,0,0,0,0,0,6,0,0,0,0,0,0,0,1,7,0,0,0,0,6,0
NewParentNode,NewParentNode_ESTest.java,C:/Users/maxim/OneDrive/Escritorio/Code/AuxTestRepo/arquivos/G01/105_freemind/evosuite-tests/accessories/plugins\NewParentNode_ESTest.java,C:/Users/maxim/OneDrive/Escritorio/Code/AuxTestRepo/arquivos/G01/105_freemind/evosuite-tests/accessories/plugins\NewParentNode.java,ESTest.java,java,1,0,0,0,0,0,1,0,0,0,0,0,0,0,0,0,0,0,0,0,1,0
PreviewDialog,PreviewDialog_ESTest.java,C:/Users/maxim/OneDrive/Escritorio/Code/AuxTestRepo/arquivos/G01/105_freemind/evosuite-tests/freemind/controller/printpreview\PreviewDialog_ESTest.java,C:/Users/maxim/OneDrive/Escritorio/Code/AuxTestRepo/arquivos/G01/105_freemind/evosuite-tests/freemind/controller/printpreview\PreviewDialog.java,ESTest.java,java,1,0,0,0,0,0,1,0,0,0,0,0,0,0,0,0,0,0,0,0,1,0
FileNodeModel,FileNodeModel_ESTest.java,C:/Users/maxim/OneDrive/Escritorio/Code/AuxTestRepo/arquivos/G01/105_freemind/evosuite-tests/freemind/modes/filemode\FileNodeModel_ESTest.java,C:/Users/maxim/OneDrive/Escritorio/Code/AuxTestRepo/arquivos/G01/105_freemind/evosuite-tests/freemind/modes/filemode\FileNodeModel.java,ESTest.java,java,1,0,0,0,0,0,1,0,0,0,0,0,0,0,0,0,0,0,0,0,1,0
Module,Module_ESTest.java,C:/Users/maxim/OneDrive/Escritorio/Code/AuxTestRepo/arquivos/G01/106_checkstyle/evosuite-tests/com/atlassw/tools/eclipse/checkstyle/config\Module_ESTest.java,C:/Users/maxim/OneDrive/Escritorio/Code/AuxTestRepo/arquivos/G01/106_checkstyle/evosuite-tests/com/atlassw/tools/eclipse/checkstyle/config\Module.java,ESTest.java,java,32,1,0,0,0,0,32,0,0,0,0,0,0,0,12,40,0,0,0,0,32,0
ItemSet,ItemSet_ESTest.java,C:/Users/maxim/OneDrive/Escritorio/Code/AuxTestRepo/arquivos/G01/107_weka/evosuite-tests/weka/associations\ItemSet_ESTest.java,C:/Users/maxim/OneDrive/Escritorio/Code/AuxTestRepo/arquivos/G01/107_weka/evosuite-tests/weka/associations\ItemSet.java,ESTest.java,java,58,36,0,0,0,0,58,0,0,0,0,0,0,0,42,143,0,0,0,0,58,0
Version,Version_ESTest.java,C:/Users/maxim/OneDrive/Escritorio/Code/AuxTestRepo/arquivos/G01/107_weka/evosuite-tests/weka/core\Version_ESTest.java,C:/Users/maxim/OneDrive/Escritorio/Code/AuxTestRepo/arquivos/G01/107_weka/evosuite-tests/weka/core\Version.java,ESTest.java,java,20,0,0,0,0,0,20,0,0,0,0,0,0,0,0,18,0,0,0,0,20,0
AlphabeticTokenizer,AlphabeticTokenizer_ESTest.java,C:/Users/maxim/OneDrive/Escritorio/Code/AuxTestRepo/arquivos/G01/107_weka/evosuite-tests/weka/core/tokenizers\AlphabeticTokenizer_ESTest.java,C:/Users/maxim/OneDrive/Escritorio/Code/AuxTestRepo/arquivos/G01/107_weka/evosuite-tests/weka/core/tokenizers\AlphabeticTokenizer.java,ESTest.java,java,13,0,0,0,0,0,13,0,0,0,0,0,0,0,4,14,0,0,0,0,13,0
SubstringLabeler,SubstringLabeler_ESTest.java,C:/Users/maxim/OneDrive/Escritorio/Code/AuxTestRepo/arquivos/G01/107_weka/evosuite-tests/weka/gui/beans\SubstringLabeler_ESTest.java,C:/Users/maxim/OneDrive/Escritorio/Code/AuxTestRepo/arquivos/G01/107_weka/evosuite-tests/weka/gui/beans\SubstringLabeler.java,ESTest.java,java,93,59,0,0,0,0,93,0,0,0,0,0,0,0,70,238,0,0,0,0,93,0
HookHotDeployListener,HookHotDeployListener_ESTest.java,C:/Users/maxim/OneDrive/Escritorio/Code/AuxTestRepo/arquivos/G01/108_liferay/evosuite-tests/com/liferay/portal/deploy/hot\HookHotDeployListener_ESTest.java,C:/Users/maxim/OneDrive/Escritorio/Code/AuxTestRepo/arquivos/G01/108_liferay/evosuite-tests/com/liferay/portal/deploy/hot\HookHotDeployListener.java,ESTest.java,java,56,55,0,0,0,0,56,0,2,0,0,11,0,0,1,47,24,0,0,0,56,0
PortalExecutorFactoryImpl,PortalExecutorFactoryImpl_ESTest.java,C:/Users/maxim/OneDrive/Escritorio/Code/AuxTestRepo/arquivos/G01/108_liferay/evosuite-tests/com/liferay/portal/executor\PortalExecutorFactoryImpl_ESTest.java,C:/Users/maxim/OneDrive/Escritorio/Code/AuxTestRepo/arquivos/G01/108_liferay/evosuite-tests/com/liferay/portal/executor\PortalExecutorFactoryImpl.java,ESTest.java,java,14,0,0,0,0,0,14,0,0,0,0,0,0,0,11,35,0,0,0,0,14,0
ClusterExecutorUtil,ClusterExecutorUtil_ESTest.java,C:/Users/maxim/OneDrive/Escritorio/Code/AuxTestRepo/arquivos/G01/108_liferay/evosuite-tests/com/liferay/portal/kernel/cluster\ClusterExecutorUtil_ESTest.java,C:/Users/maxim/OneDrive/Escritorio/Code/AuxTestRepo/arquivos/G01/108_liferay/evosuite-tests/com/liferay/portal/kernel/cluster\ClusterExecutorUtil.java,ESTest.java,java,30,0,0,0,0,0,30,0,0,0,0,0,0,0,15,45,0,0,0,0,30,0
ProxyMessageListener,ProxyMessageListener_ESTest.java,C:/Users/maxim/OneDrive/Escritorio/Code/AuxTestRepo/arquivos/G01/108_liferay/evosuite-tests/com/liferay/portal/kernel/messaging/proxy\ProxyMessageListener_ESTest.java,C:/Users/maxim/OneDrive/Escritorio/Code/AuxTestRepo/arquivos/G01/108_liferay/evosuite-tests/com/liferay/portal/kernel/messaging/proxy\ProxyMessageListener.java,ESTest.java,java,5,0,0,0,0,0,5,0,0,0,0,0,0,0,0,3,0,0,0,0,5,0
NotificationEventComparator,NotificationEventComparator_ESTest.java,C:/Users/maxim/OneDrive/Escritorio/Code/AuxTestRepo/arquivos/G01/108_liferay/evosuite-tests/com/liferay/portal/kernel/notifications\NotificationEventComparator_ESTest.java,C:/Users/maxim/OneDrive/Escritorio/Code/AuxTestRepo/arquivos/G01/108_liferay/evosuite-tests/com/liferay/portal/kernel/notifications\NotificationEventComparator.java,ESTest.java,java,3,0,0,0,0,0,3,0,0,0,0,0,0,0,0,2,0,0,0,0,3,0
CronText,CronText_ESTest.java,C:/Users/maxim/OneDrive/Escritorio/Code/AuxTestRepo/arquivos/G01/108_liferay/evosuite-tests/com/liferay/portal/kernel/scheduler\CronText_ESTest.java,C:/Users/maxim/OneDrive/Escritorio/Code/AuxTestRepo/arquivos/G01/108_liferay/evosuite-tests/com/liferay/portal/kernel/scheduler\CronText.java,ESTest.java,java,30,19,0,0,0,0,30,0,0,0,0,0,0,0,20,61,0,0,0,0,30,0
PortletImporter,PortletImporter_ESTest.java,C:/Users/maxim/OneDrive/Escritorio/Code/AuxTestRepo/arquivos/G01/108_liferay/evosuite-tests/com/liferay/portal/lar\PortletImporter_ESTest.java,C:/Users/maxim/OneDrive/Escritorio/Code/AuxTestRepo/arquivos/G01/108_liferay/evosuite-tests/com/liferay/portal/lar\PortletImporter.java,ESTest.java,java,51,0,0,0,0,0,51,0,2,0,0,0,0,0,1,43,0,0,0,2,51,0
OrganizationModelImpl,OrganizationModelImpl_ESTest.java,C:/Users/maxim/OneDrive/Escritorio/Code/AuxTestRepo/arquivos/G01/108_liferay/evosuite-tests/com/liferay/portal/model/impl\OrganizationModelImpl_ESTest.java,C:/Users/maxim/OneDrive/Escritorio/Code/AuxTestRepo/arquivos/G01/108_liferay/evosuite-tests/com/liferay/portal/model/impl\OrganizationModelImpl.java,ESTest.java,java,87,20,0,0,0,0,87,0,0,0,0,0,0,0,53,237,0,0,0,0,87,0
PortalHookChecker,PortalHookChecker_ESTest.java,C:/Users/maxim/OneDrive/Escritorio/Code/AuxTestRepo/arquivos/G01/108_liferay/evosuite-tests/com/liferay/portal/security/pacl/checker\PortalHookChecker_ESTest.java,C:/Users/maxim/OneDrive/Escritorio/Code/AuxTestRepo/arquivos/G01/108_liferay/evosuite-tests/com/liferay/portal/security/pacl/checker\PortalHookChecker.java,ESTest.java,java,17,0,0,0,0,0,17,0,0,0,0,1,0,0,8,26,0,0,0,0,17,0
TeamFinderImpl,TeamFinderImpl_ESTest.java,C:/Users/maxim/OneDrive/Escritorio/Code/AuxTestRepo/arquivos/G01/108_liferay/evosuite-tests/com/liferay/portal/service/persistence\TeamFinderImpl_ESTest.java,C:/Users/maxim/OneDrive/Escritorio/Code/AuxTestRepo/arquivos/G01/108_liferay/evosuite-tests/com/liferay/portal/service/persistence\TeamFinderImpl.java,ESTest.java,java,20,0,0,0,0,0,20,0,0,0,0,0,0,0,0,18,0,0,0,0,20,0
ArrayApplicationContext,ArrayApplicationContext_ESTest.java,C:/Users/maxim/OneDrive/Escritorio/Code/AuxTestRepo/arquivos/G01/108_liferay/evosuite-tests/com/liferay/portal/spring/context\ArrayApplicationContext_ESTest.java,C:/Users/maxim/OneDrive/Escritorio/Code/AuxTestRepo/arquivos/G01/108_liferay/evosuite-tests/com/liferay/portal/spring/context\ArrayApplicationContext.java,ESTest.java,java,6,0,0,0,0,0,6,0,0,0,0,0,0,0,1,3,0,0,0,0,6,0
CalEventModelImpl,CalEventModelImpl_ESTest.java,C:/Users/maxim/OneDrive/Escritorio/Code/AuxTestRepo/arquivos/G01/108_liferay/evosuite-tests/com/liferay/portlet/calendar/model/impl\CalEventModelImpl_ESTest.java,C:/Users/maxim/OneDrive/Escritorio/Code/AuxTestRepo/arquivos/G01/108_liferay/evosuite-tests/com/liferay/portlet/calendar/model/impl\CalEventModelImpl.java,ESTest.java,java,82,24,0,0,0,0,82,0,0,0,0,0,0,0,70,347,0,0,0,0,82,0
DLFileEntryModelImpl,DLFileEntryModelImpl_ESTest.java,C:/Users/maxim/OneDrive/Escritorio/Code/AuxTestRepo/arquivos/G01/108_liferay/evosuite-tests/com/liferay/portlet/documentlibrary/model/impl\DLFileEntryModelImpl_ESTest.java,C:/Users/maxim/OneDrive/Escritorio/Code/AuxTestRepo/arquivos/G01/108_liferay/evosuite-tests/com/liferay/portlet/documentlibrary/model/impl\DLFileEntryModelImpl.java,ESTest.java,java,131,23,0,0,0,0,131,0,0,0,0,0,0,0,75,419,0,0,0,0,131,0
PDFProcessorImpl,PDFProcessorImpl_ESTest.java,C:/Users/maxim/OneDrive/Escritorio/Code/AuxTestRepo/arquivos/G01/108_liferay/evosuite-tests/com/liferay/portlet/documentlibrary/util\PDFProcessorImpl_ESTest.java,C:/Users/maxim/OneDrive/Escritorio/Code/AuxTestRepo/arquivos/G01/108_liferay/evosuite-tests/com/liferay/portlet/documentlibrary/util\PDFProcessorImpl.java,ESTest.java,java,41,0,0,0,0,0,41,0,0,0,0,0,0,0,0,33,0,0,0,0,41,0
RepositoryModelCreateDateComparator,RepositoryModelCreateDateComparator_ESTest.java,C:/Users/maxim/OneDrive/Escritorio/Code/AuxTestRepo/arquivos/G01/108_liferay/evosuite-tests/com/liferay/portlet/documentlibrary/util/comparator\RepositoryModelCreateDateComparator_ESTest.java,C:/Users/maxim/OneDrive/Escritorio/Code/AuxTestRepo/arquivos/G01/108_liferay/evosuite-tests/com/liferay/portlet/documentlibrary/util/comparator\RepositoryModelCreateDateComparator.java,ESTest.java,java,15,1,0,0,0,0,15,0,0,0,0,0,0,0,4,18,0,0,0,0,15,0
PollsChoiceModelImpl,PollsChoiceModelImpl_ESTest.java,C:/Users/maxim/OneDrive/Escritorio/Code/AuxTestRepo/arquivos/G01/108_liferay/evosuite-tests/com/liferay/portlet/polls/model/impl\PollsChoiceModelImpl_ESTest.java,C:/Users/maxim/OneDrive/Escritorio/Code/AuxTestRepo/arquivos/G01/108_liferay/evosuite-tests/com/liferay/portlet/polls/model/impl\PollsChoiceModelImpl.java,ESTest.java,java,57,9,0,0,0,0,57,0,0,0,0,0,0,0,30,126,0,0,0,0,57,0
ShoppingCategoryWrapper,ShoppingCategoryWrapper_ESTest.java,C:/Users/maxim/OneDrive/Escritorio/Code/AuxTestRepo/arquivos/G01/108_liferay/evosuite-tests/com/liferay/portlet/shopping/model\ShoppingCategoryWrapper_ESTest.java,C:/Users/maxim/OneDrive/Escritorio/Code/AuxTestRepo/arquivos/G01/108_liferay/evosuite-tests/com/liferay/portlet/shopping/model\ShoppingCategoryWrapper.java,ESTest.java,java,127,1,0,0,0,0,127,0,0,0,0,2,0,0,72,256,0,0,0,0,127,0
DefineObjectsTag,DefineObjectsTag_ESTest.java,C:/Users/maxim/OneDrive/Escritorio/Code/AuxTestRepo/arquivos/G01/108_liferay/evosuite-tests/com/liferay/taglib/portlet\DefineObjectsTag_ESTest.java,C:/Users/maxim/OneDrive/Escritorio/Code/AuxTestRepo/arquivos/G01/108_liferay/evosuite-tests/com/liferay/taglib/portlet\DefineObjectsTag.java,ESTest.java,java,2,0,0,0,0,0,2,0,0,0,0,0,0,0,1,2,0,0,0,0,2,0
IconMinimizeTag,IconMinimizeTag_ESTest.java,C:/Users/maxim/OneDrive/Escritorio/Code/AuxTestRepo/arquivos/G01/108_liferay/evosuite-tests/com/liferay/taglib/portletext\IconMinimizeTag_ESTest.java,C:/Users/maxim/OneDrive/Escritorio/Code/AuxTestRepo/arquivos/G01/108_liferay/evosuite-tests/com/liferay/taglib/portletext\IconMinimizeTag.java,ESTest.java,java,1,0,0,0,0,0,1,0,0,0,0,0,0,0,0,0,0,0,0,0,1,0
PwdGenerator,PwdGenerator_ESTest.java,C:/Users/maxim/OneDrive/Escritorio/Code/AuxTestRepo/arquivos/G01/108_liferay/evosuite-tests/com/liferay/util\PwdGenerator_ESTest.java,C:/Users/maxim/OneDrive/Escritorio/Code/AuxTestRepo/arquivos/G01/108_liferay/evosuite-tests/com/liferay/util\PwdGenerator.java,ESTest.java,java,20,0,0,0,0,0,20,0,0,0,0,0,0,0,3,26,0,0,0,0,20,0
AxisServlet,AxisServlet_ESTest.java,C:/Users/maxim/OneDrive/Escritorio/Code/AuxTestRepo/arquivos/G01/108_liferay/evosuite-tests/com/liferay/util/axis\AxisServlet_ESTest.java,C:/Users/maxim/OneDrive/Escritorio/Code/AuxTestRepo/arquivos/G01/108_liferay/evosuite-tests/com/liferay/util/axis\AxisServlet.java,ESTest.java,java,11,0,0,0,0,0,11,0,0,0,0,0,0,0,5,13,0,0,0,0,11,0
AbstractDropper,AbstractDropper_ESTest.java,C:/Users/maxim/OneDrive/Escritorio/Code/AuxTestRepo/arquivos/G01/109_pdfsam/evosuite-tests/org/pdfsam/guiclient/commons/dnd/droppers\AbstractDropper_ESTest.java,C:/Users/maxim/OneDrive/Escritorio/Code/AuxTestRepo/arquivos/G01/109_pdfsam/evosuite-tests/org/pdfsam/guiclient/commons/dnd/droppers\AbstractDropper.java,ESTest.java,java,1,0,0,0,0,0,1,0,0,0,0,0,0,0,0,0,0,0,0,0,1,0
isc_stmt_handle_impl,isc_stmt_handle_impl_ESTest.java,C:/Users/maxim/OneDrive/Escritorio/Code/AuxTestRepo/arquivos/G01/110_firebird/evosuite-tests/org/firebirdsql/gds/impl/wire\isc_stmt_handle_impl_ESTest.java,C:/Users/maxim/OneDrive/Escritorio/Code/AuxTestRepo/arquivos/G01/110_firebird/evosuite-tests/org/firebirdsql/gds/impl/wire\isc_stmt_handle_impl.java,ESTest.java,java,61,43,0,0,0,0,61,0,0,0,0,0,0,0,56,181,0,0,0,0,61,0
TestJava,TestJava_ESTest.java,C:/Users/maxim/OneDrive/Escritorio/Code/AuxTestRepo/arquivos/G01/19_jmca\TestJava_ESTest.java,C:/Users/maxim/OneDrive/Escritorio/Code/AuxTestRepo/arquivos/G01/19_jmca\TestJava.java,ESTest.java,java,5,0,0,0,0,0,5,0,0,0,0,0,0,0,1,6,0,0,0,0,5,0
ScriptOrFnScope,ScriptOrFnScope_ESTest.java,C:/Users/maxim/OneDrive/Escritorio/Code/AuxTestRepo/arquivos/G01/22_byuic\ScriptOrFnScope_ESTest.java,C:/Users/maxim/OneDrive/Escritorio/Code/AuxTestRepo/arquivos/G01/22_byuic\ScriptOrFnScope.java,ESTest.java,java,17,0,0,0,0,0,17,0,0,0,0,0,0,0,3,20,0,0,0,0,17,0
GetRevision,GetRevision_ESTest.java,C:/Users/maxim/OneDrive/Escritorio/Code/AuxTestRepo/arquivos/G01/23_jwbf\GetRevision_ESTest.java,C:/Users/maxim/OneDrive/Escritorio/Code/AuxTestRepo/arquivos/G01/23_jwbf\GetRevision.java,ESTest.java,java,15,3,0,0,0,0,15,0,0,0,0,0,0,0,6,23,0,0,0,0,15,0
ElementsPanel,ElementsPanel_ESTest.java,C:/Users/maxim/OneDrive/Escritorio/Code/AuxTestRepo/arquivos/G01/35_corina\ElementsPanel_ESTest.java,C:/Users/maxim/OneDrive/Escritorio/Code/AuxTestRepo/arquivos/G01/35_corina\ElementsPanel.java,ESTest.java,java,4,0,0,0,0,0,4,0,0,0,0,0,0,0,0,0,0,0,0,0,4,0
IndexedString,IndexedString_ESTest.java,C:/Users/maxim/OneDrive/Escritorio/Code/AuxTestRepo/arquivos/G01/39_diffi\IndexedString_ESTest.java,C:/Users/maxim/OneDrive/Escritorio/Code/AuxTestRepo/arquivos/G01/39_diffi\IndexedString.java,ESTest.java,java,9,0,0,0,0,0,9,0,0,0,0,0,0,0,0,7,0,0,0,0,9,0
AccessFileBufferFactory,AccessFileBufferFactory_ESTest.java,C:/Users/maxim/OneDrive/Escritorio/Code/AuxTestRepo/arquivos/G01/43_lilith\AccessFileBufferFactory_ESTest.java,C:/Users/maxim/OneDrive/Escritorio/Code/AuxTestRepo/arquivos/G01/43_lilith\AccessFileBufferFactory.java,ESTest.java,java,4,0,0,0,0,0,4,0,0,0,0,0,0,0,0,4,0,0,0,0,4,0
AlarmSoundLoggingEventConsumer,AlarmSoundLoggingEventConsumer_ESTest.java,C:/Users/maxim/OneDrive/Escritorio/Code/AuxTestRepo/arquivos/G01/43_lilith\AlarmSoundLoggingEventConsumer_ESTest.java,C:/Users/maxim/OneDrive/Escritorio/Code/AuxTestRepo/arquivos/G01/43_lilith\AlarmSoundLoggingEventConsumer.java,ESTest.java,java,5,0,0,0,0,0,5,0,0,0,0,0,0,0,3,7,0,0,0,0,5,0
LoggingEventWrapperProtobufDecoder,LoggingEventWrapperProtobufDecoder_ESTest.java,C:/Users/maxim/OneDrive/Escritorio/Code/AuxTestRepo/arquivos/G01/43_lilith\LoggingEventWrapperProtobufDecoder_ESTest.java,C:/Users/maxim/OneDrive/Escritorio/Code/AuxTestRepo/arquivos/G01/43_lilith\LoggingEventWrapperProtobufDecoder.java,ESTest.java,java,15,3,0,0,0,0,15,0,0,0,0,0,0,0,5,20,0,0,0,0,15,0
OpenPreviousDialog,OpenPreviousDialog_ESTest.java,C:/Users/maxim/OneDrive/Escritorio/Code/AuxTestRepo/arquivos/G01/43_lilith\OpenPreviousDialog_ESTest.java,C:/Users/maxim/OneDrive/Escritorio/Code/AuxTestRepo/arquivos/G01/43_lilith\OpenPreviousDialog.java,ESTest.java,java,1,0,0,0,0,0,1,0,0,0,0,0,0,0,0,0,0,0,0,0,1,0
ConnectionConsumer,ConnectionConsumer_ESTest.java,C:/Users/maxim/OneDrive/Escritorio/Code/AuxTestRepo/arquivos/G01/44_summa/evosuite-tests/dk/statsbiblioteket/summa/common/rpc\ConnectionConsumer_ESTest.java,C:/Users/maxim/OneDrive/Escritorio/Code/AuxTestRepo/arquivos/G01/44_summa/evosuite-tests/dk/statsbiblioteket/summa/common/rpc\ConnectionConsumer.java,ESTest.java,java,16,0,0,0,0,0,16,0,0,0,0,2,0,0,4,14,0,0,0,0,16,0
DetailzieleAction,DetailzieleAction_ESTest.java,C:/Users/maxim/OneDrive/Escritorio/Code/AuxTestRepo/arquivos/G01/46_nutzenportfolio/evosuite-tests/ch/bfh/egov/nutzenportfolio/action\DetailzieleAction_ESTest.java,C:/Users/maxim/OneDrive/Escritorio/Code/AuxTestRepo/arquivos/G01/46_nutzenportfolio/evosuite-tests/ch/bfh/egov/nutzenportfolio/action\DetailzieleAction.java,ESTest.java,java,24,0,0,0,0,0,24,0,0,0,0,0,0,0,0,22,0,0,0,0,24,0
Capture,Capture_ESTest.java,C:/Users/maxim/OneDrive/Escritorio/Code/AuxTestRepo/arquivos/G01/47_dvd-homevideo/evosuite-tests\Capture_ESTest.java,C:/Users/maxim/OneDrive/Escritorio/Code/AuxTestRepo/arquivos/G01/47_dvd-homevideo/evosuite-tests\Capture.java,ESTest.java,java,4,0,0,0,0,0,4,0,0,0,0,0,0,0,0,0,0,1,0,0,4,0
DbConnectionBroker,DbConnectionBroker_ESTest.java,C:/Users/maxim/OneDrive/Escritorio/Code/AuxTestRepo/arquivos/G01/68_biblestudy/evosuite-tests/bible/util\DbConnectionBroker_ESTest.java,C:/Users/maxim/OneDrive/Escritorio/Code/AuxTestRepo/arquivos/G01/68_biblestudy/evosuite-tests/bible/util\DbConnectionBroker.java,ESTest.java,java,23,11,0,0,0,0,23,0,0,0,0,0,0,0,14,36,0,0,0,0,23,0
MacawStateEditor,MacawStateEditor_ESTest.java,C:/Users/maxim/OneDrive/Escritorio/Code/AuxTestRepo/arquivos/G01/69_lhamacaw/evosuite-tests/macaw/presentationLayer\MacawStateEditor_ESTest.java,C:/Users/maxim/OneDrive/Escritorio/Code/AuxTestRepo/arquivos/G01/69_lhamacaw/evosuite-tests/macaw/presentationLayer\MacawStateEditor.java,ESTest.java,java,1,0,0,0,0,0,1,0,0,0,0,0,0,0,0,0,0,0,0,0,1,0
VariableLabelTableModel,VariableLabelTableModel_ESTest.java,C:/Users/maxim/OneDrive/Escritorio/Code/AuxTestRepo/arquivos/G01/69_lhamacaw/evosuite-tests/macaw/presentationLayer\VariableLabelTableModel_ESTest.java,C:/Users/maxim/OneDrive/Escritorio/Code/AuxTestRepo/arquivos/G01/69_lhamacaw/evosuite-tests/macaw/presentationLayer\VariableLabelTableModel.java,ESTest.java,java,39,0,0,0,0,0,39,0,0,0,0,3,0,0,19,60,0,0,0,0,39,0
HL7CheckerImpl,HL7CheckerImpl_ESTest.java,C:/Users/maxim/OneDrive/Escritorio/Code/AuxTestRepo/arquivos/G01/75_openhre/evosuite-tests/com/browsersoft/openhre/hl7/impl/parser\HL7CheckerImpl_ESTest.java,C:/Users/maxim/OneDrive/Escritorio/Code/AuxTestRepo/arquivos/G01/75_openhre/evosuite-tests/com/browsersoft/openhre/hl7/impl/parser\HL7CheckerImpl.java,ESTest.java,java,54,0,0,0,0,0,54,0,0,0,0,0,0,0,34,83,0,0,0,0,54,0
EntryListView,EntryListView_ESTest.java,C:/Users/maxim/OneDrive/Escritorio/Code/AuxTestRepo/arquivos/G01/78_caloriecount/evosuite-tests/com/lts/caloriecount/ui/entry\EntryListView_ESTest.java,C:/Users/maxim/OneDrive/Escritorio/Code/AuxTestRepo/arquivos/G01/78_caloriecount/evosuite-tests/com/lts/caloriecount/ui/entry\EntryListView.java,ESTest.java,java,2,0,0,0,0,0,2,0,0,0,0,0,0,0,0,0,0,0,0,0,2,0
JTableUtils,JTableUtils_ESTest.java,C:/Users/maxim/OneDrive/Escritorio/Code/AuxTestRepo/arquivos/G01/78_caloriecount/evosuite-tests/com/lts/swing/table\JTableUtils_ESTest.java,C:/Users/maxim/OneDrive/Escritorio/Code/AuxTestRepo/arquivos/G01/78_caloriecount/evosuite-tests/com/lts/swing/table\JTableUtils.java,ESTest.java,java,40,0,0,0,0,0,40,0,0,0,0,0,0,0,1,37,0,0,0,0,40,0
DaoFactory,DaoFactory_ESTest.java,C:/Users/maxim/OneDrive/Escritorio/Code/AuxTestRepo/arquivos/G01/7_sfmis\DaoFactory_ESTest.java,C:/Users/maxim/OneDrive/Escritorio/Code/AuxTestRepo/arquivos/G01/7_sfmis\DaoFactory.java,ESTest.java,java,13,0,0,0,0,0,13,0,0,0,0,0,0,0,5,13,0,1,0,0,13,0
EngineImpl,EngineImpl_ESTest.java,C:/Users/maxim/OneDrive/Escritorio/Code/AuxTestRepo/arquivos/G01/80_wheelwebtool/evosuite-tests/wheel\EngineImpl_ESTest.java,C:/Users/maxim/OneDrive/Escritorio/Code/AuxTestRepo/arquivos/G01/80_wheelwebtool/evosuite-tests/wheel\EngineImpl.java,ESTest.java,java,3,0,0,0,0,0,3,0,0,0,0,0,0,0,0,0,0,0,0,0,3,0
ActionRegistry,ActionRegistry_ESTest.java,C:/Users/maxim/OneDrive/Escritorio/Code/AuxTestRepo/arquivos/G01/80_wheelwebtool/evosuite-tests/wheel/util\ActionRegistry_ESTest.java,C:/Users/maxim/OneDrive/Escritorio/Code/AuxTestRepo/arquivos/G01/80_wheelwebtool/evosuite-tests/wheel/util\ActionRegistry.java,ESTest.java,java,8,0,0,0,0,0,8,0,0,0,0,0,0,0,6,14,0,0,0,0,8,0
IFXObject,IFXObject_ESTest.java,C:/Users/maxim/OneDrive/Escritorio/Code/AuxTestRepo/arquivos/G01/84_ifx-framework/evosuite-tests/org/sourceforge/ifx/basetypes\IFXObject_ESTest.java,C:/Users/maxim/OneDrive/Escritorio/Code/AuxTestRepo/arquivos/G01/84_ifx-framework/evosuite-tests/org/sourceforge/ifx/basetypes\IFXObject.java,ESTest.java,java,7,0,0,0,0,0,7,0,0,0,0,0,0,0,0,7,0,0,0,0,7,0
PieChartRenderer,PieChartRenderer_ESTest.java,C:/Users/maxim/OneDrive/Escritorio/Code/AuxTestRepo/arquivos/G01/88_jopenchart/evosuite-tests/de/progra/charting/render\PieChartRenderer_ESTest.java,C:/Users/maxim/OneDrive/Escritorio/Code/AuxTestRepo/arquivos/G01/88_jopenchart/evosuite-tests/de/progra/charting/render\PieChartRenderer.java,ESTest.java,java,2,0,0,0,0,0,2,0,0,0,0,0,0,0,0,0,0,0,0,0,2,0
DefaultAceAssembledRead,DefaultAceAssembledRead_ESTest.java,C:/Users/maxim/OneDrive/Escritorio/Code/AuxTestRepo/arquivos/G01/92_jcvi-javacommon/evosuite-tests/org/jcvi/jillion/assembly/consed/ace\DefaultAceAssembledRead_ESTest.java,C:/Users/maxim/OneDrive/Escritorio/Code/AuxTestRepo/arquivos/G01/92_jcvi-javacommon/evosuite-tests/org/jcvi/jillion/assembly/consed/ace\DefaultAceAssembledRead.java,ESTest.java,java,4,0,0,0,0,0,4,0,0,0,0,0,0,0,2,6,0,0,0,0,4,0
DefaultNucleotideSequence,DefaultNucleotideSequence_ESTest.java,C:/Users/maxim/OneDrive/Escritorio/Code/AuxTestRepo/arquivos/G01/92_jcvi-javacommon/evosuite-tests/org/jcvi/jillion/core/residue/nt\DefaultNucleotideSequence_ESTest.java,C:/Users/maxim/OneDrive/Escritorio/Code/AuxTestRepo/arquivos/G01/92_jcvi-javacommon/evosuite-tests/org/jcvi/jillion/core/residue/nt\DefaultNucleotideSequence.java,ESTest.java,java,73,1,0,0,0,0,73,0,0,0,0,0,0,0,3,76,0,0,0,0,73,0
PositionFastaRecord,PositionFastaRecord_ESTest.java,C:/Users/maxim/OneDrive/Escritorio/Code/AuxTestRepo/arquivos/G01/92_jcvi-javacommon/evosuite-tests/org/jcvi/jillion/fasta/pos\PositionFastaRecord_ESTest.java,C:/Users/maxim/OneDrive/Escritorio/Code/AuxTestRepo/arquivos/G01/92_jcvi-javacommon/evosuite-tests/org/jcvi/jillion/fasta/pos\PositionFastaRecord.java,ESTest.java,java,15,5,0,0,0,0,15,0,0,0,0,0,0,0,9,27,0,0,0,0,15,0
AccessConstraintConfig,AccessConstraintConfig_ESTest.java,C:/Users/maxim/OneDrive/Escritorio/Code/AuxTestRepo/arquivos/G01/93_quickserver/evosuite-tests/org/quickserver/util/xmlreader\AccessConstraintConfig_ESTest.java,C:/Users/maxim/OneDrive/Escritorio/Code/AuxTestRepo/arquivos/G01/93_quickserver/evosuite-tests/org/quickserver/util/xmlreader\AccessConstraintConfig.java,ESTest.java,java,10,0,0,0,0,0,10,0,0,0,0,0,0,0,5,15,0,0,0,0,10,0
CompleteMetadataBean,CompleteMetadataBean_ESTest.java,C:/Users/maxim/OneDrive/Escritorio/Code/AuxTestRepo/arquivos/G01/96_heal/evosuite-tests/org/heal/module/metadata\CompleteMetadataBean_ESTest.java,C:/Users/maxim/OneDrive/Escritorio/Code/AuxTestRepo/arquivos/G01/96_heal/evosuite-tests/org/heal/module/metadata\CompleteMetadataBean.java,ESTest.java,java,88,0,0,0,0,0,88,0,0,0,0,0,0,0,71,149,0,0,0,0,88,0
Search,Search_ESTest.java,C:/Users/maxim/OneDrive/Escritorio/Code/AuxTestRepo/arquivos/G01/99_newzgrabber/evosuite-tests/Newzgrabber\Search_ESTest.java,C:/Users/maxim/OneDrive/Escritorio/Code/AuxTestRepo/arquivos/G01/99_newzgrabber/evosuite-tests/Newzgrabber\Search.java,ESTest.java,java,10,5,0,0,0,0,10,0,0,0,0,0,0,0,0,9,0,0,0,0,10,0
